Customer Key,Customer Name,First Name,Last Name,Customer Value,Customer Email
"AA-10315","Alex Avila","Alex","Avila","Low Value","a.avila@fp20analytics.com"
"AA-10375","Allen Armold","Allen","Armold","Low Value","a.armold@fp20analytics.com"
"AA-10480","Andrew Allen","Andrew","Allen","Low Value","a.allen@fp20analytics.com"
"AA-10645","Anna Andreadi","Anna","Andreadi","Low Value","a.andreadi@fp20analytics.com"
"AB-10015","Aaron Bergman","Aaron","Bergman","Low Value","a.bergman@fp20analytics.com"
"AB-10060","Adam Bellavance","Adam","Bellavance","Low Value","a.bellavance@fp20analytics.com"
"AB-10105","Adrian Barton","Adrian","Barton","Low Value","a.barton@fp20analytics.com"
"AB-10150","Aimee Bixby","Aimee","Bixby","Low Value","a.bixby@fp20analytics.com"
"AB-10165","Alan Barnes","Alan","Barnes","Low Value","a.barnes@fp20analytics.com"
"AB-10255","Alejandro Ballentine","Alejandro","Ballentine","Low Value","a.ballentine@fp20analytics.com"
"AB-10600","Ann Blume","Ann","Blume","Low Value","a.blume@fp20analytics.com"
"AC-10420","Alyssa Crouse","Alyssa","Crouse","Low Value","a.crouse@fp20analytics.com"
"AC-10615","Ann Chong","Ann","Chong","Low Value","a.chong@fp20analytics.com"
"AC-10660","Anna Chung","Anna","Chung","Low Value","a.chung@fp20analytics.com"
"AD-10180","Alan Dominguez","Alan","Dominguez","Low Value","a.dominguez@fp20analytics.com"
"AF-10870","Art Ferguson","Art","Ferguson","Low Value","a.ferguson@fp20analytics.com"
"AF-10885","Art Foster","Art","Foster","Low Value","a.foster@fp20analytics.com"
"AG-10270","Alejandro Grove","Alejandro","Grove","Low Value","a.grove@fp20analytics.com"
"AG-10300","Aleksandra Gannaway","Aleksandra","Gannaway","Low Value","a.gannaway@fp20analytics.com"
"AG-10330","Alex Grayson","Alex","Grayson","Low Value","a.grayson@fp20analytics.com"
"AG-10390","Allen Goldenen","Allen","Goldenen","Low Value","a.goldenen@fp20analytics.com"
"AG-10495","Andrew Gjertsen","Andrew","Gjertsen","Low Value","a.gjertsen@fp20analytics.com"
"AG-10525","Andy Gerbode","Andy","Gerbode","Low Value","a.gerbode@fp20analytics.com"
"AG-10675","Anna Gayman","Anna","Gayman","Low Value","a.gayman@fp20analytics.com"
"AG-10765","Anthony Garverick","Anthony","Garverick","Low Value","a.garverick@fp20analytics.com"
"AG-10900","Arthur Gainer","Arthur","Gainer","Low Value","a.gainer@fp20analytics.com"
"AH-10030","Aaron Hawkins","Aaron","Hawkins","Low Value","a.hawkins@fp20analytics.com"
"AH-10075","Adam Hart","Adam","Hart","Low Value","a.hart@fp20analytics.com"
"AH-10120","Adrian Hane","Adrian","Hane","Low Value","a.hane@fp20analytics.com"
"AH-10195","Alan Haines","Alan","Haines","Low Value","a.haines@fp20analytics.com"
"AH-10210","Alan Hwang","Alan","Hwang","Low Value","a.hwang@fp20analytics.com"
"AH-10465","Amy Hunt","Amy","Hunt","Low Value","a.hunt@fp20analytics.com"
"AH-10585","Angele Hood","Angele","Hood","Low Value","a.hood@fp20analytics.com"
"AH-10690","Anna Häberlin","Anna","Häberlin","Low Value","a.häberlin@fp20analytics.com"
"AI-10855","Arianne Irving","Arianne","Irving","Low Value","a.irving@fp20analytics.com"
"AJ-10780","Anthony Jacobs","Anthony","Jacobs","Low Value","a.jacobs@fp20analytics.com"
"AJ-10795","Anthony Johnson","Anthony","Johnson","Low Value","a.johnson@fp20analytics.com"
"AJ-10945","Ashley Jarboe","Ashley","Jarboe","Low Value","a.jarboe@fp20analytics.com"
"AJ-10960","Astrea Jones","Astrea","Jones","Low Value","a.jones@fp20analytics.com"
"AM-10360","Alice McCarthy","Alice","McCarthy","Low Value","a.mccarthy@fp20analytics.com"
"AM-10705","Anne McFarland","Anne","McFarland","Low Value","a.mcfarland@fp20analytics.com"
"AO-10810","Anthony O'Donnell","Anthony","O'Donnell","Low Value","a.o'donnell@fp20analytics.com"
"AP-10720","Anne Pryor","Anne","Pryor","Low Value","a.pryor@fp20analytics.com"
"AP-10915","Arthur Prichep","Arthur","Prichep","Low Value","a.prichep@fp20analytics.com"
"AR-10345","Alex Russell","Alex","Russell","Low Value","a.russell@fp20analytics.com"
"AR-10510","Andrew Roberts","Andrew","Roberts","Low Value","a.roberts@fp20analytics.com"
"AR-10540","Andy Reiter","Andy","Reiter","Low Value","a.reiter@fp20analytics.com"
"AR-10570","Anemone Ratner","Anemone","Ratner","Low Value","a.ratner@fp20analytics.com"
"AR-10825","Anthony Rawles","Anthony","Rawles","Low Value","a.rawles@fp20analytics.com"
"AS-10045","Aaron Smayling","Aaron","Smayling","Low Value","a.smayling@fp20analytics.com"
"AS-10090","Adam Shillingsburg","Adam","Shillingsburg","Low Value","a.shillingsburg@fp20analytics.com"
"AS-10135","Adrian Shami","Adrian","Shami","Low Value","a.shami@fp20analytics.com"
"AS-10225","Alan Schoenberger","Alan","Schoenberger","Low Value","a.schoenberger@fp20analytics.com"
"AS-10240","Alan Shonely","Alan","Shonely","Low Value","a.shonely@fp20analytics.com"
"AS-10285","Alejandro Savely","Alejandro","Savely","Low Value","a.savely@fp20analytics.com"
"AS-10630","Ann Steele","Ann","Steele","Low Value","a.steele@fp20analytics.com"
"AT-10435","Alyssa Tate","Alyssa","Tate","Low Value","a.tate@fp20analytics.com"
"AT-10735","Annie Thurman","Annie","Thurman","Low Value","a.thurman@fp20analytics.com"
"AW-10840","Anthony Witt","Anthony","Witt","Low Value","a.witt@fp20analytics.com"
"AW-10930","Arthur Wiediger","Arthur","Wiediger","Low Value","a.wiediger@fp20analytics.com"
"AY-10555","Andy Yotov","Andy","Yotov","Low Value","a.yotov@fp20analytics.com"
"AZ-10750","Annie Zypern","Annie","Zypern","Low Value","a.zypern@fp20analytics.com"
"BB-10990","Barry Blumstein","Barry","Blumstein","Low Value","a.blumstein@fp20analytics.com"
"BB-11545","Brenda Bowman","Brenda","Bowman","Low Value","a.bowman@fp20analytics.com"
"BC-11125","Becky Castell","Becky","Castell","Low Value","a.castell@fp20analytics.com"
"BD-11500","Bradley Drucker","Bradley","Drucker","Low Value","a.drucker@fp20analytics.com"
"BD-11560","Brendan Dodson","Brendan","Dodson","Low Value","a.dodson@fp20analytics.com"
"BD-11605","Brian Dahlen","Brian","Dahlen","Low Value","a.dahlen@fp20analytics.com"
"BD-11620","Brian DeCherney","Brian","DeCherney","Low Value","a.decherney@fp20analytics.com"
"BD-11635","Brian Derr","Brian","Derr","Low Value","a.derr@fp20analytics.com"
"BD-11725","Bruce Degenhardt","Bruce","Degenhardt","Low Value","a.degenhardt@fp20analytics.com"
"BD-11770","Bryan Davis","Bryan","Davis","Low Value","a.davis@fp20analytics.com"
"BE-11410","Bobby Elias","Bobby","Elias","Low Value","a.elias@fp20analytics.com"
"BE-11455","Brad Eason","Brad","Eason","Low Value","a.eason@fp20analytics.com"
"BF-10975","Barbara Fisher","Barbara","Fisher","Low Value","a.fisher@fp20analytics.com"
"BF-11005","Barry Franz","Barry","Franz","Low Value","a.franz@fp20analytics.com"
"BF-11020","Barry Französisch","Barry","Französisch","Low Value","a.französisch@fp20analytics.com"
"BF-11080","Bart Folk","Bart","Folk","Low Value","a.folk@fp20analytics.com"
"BF-11170","Ben Ferrer","Ben","Ferrer","Low Value","a.ferrer@fp20analytics.com"
"BF-11215","Benjamin Farhat","Benjamin","Farhat","Low Value","a.farhat@fp20analytics.com"
"BF-11275","Beth Fritzler","Beth","Fritzler","Low Value","a.fritzler@fp20analytics.com"
"BG-11035","Barry Gonzalez","Barry","Gonzalez","Low Value","a.gonzalez@fp20analytics.com"
"BG-11695","Brooke Gillingham","Brooke","Gillingham","Low Value","a.gillingham@fp20analytics.com"
"BG-11740","Bruce Geld","Bruce","Geld","Low Value","a.geld@fp20analytics.com"
"BK-11260","Berenike Kampe","Berenike","Kampe","Low Value","a.kampe@fp20analytics.com"
"BM-11140","Becky Martin","Becky","Martin","Low Value","a.martin@fp20analytics.com"
"BM-11575","Brendan Murry","Brendan","Murry","Low Value","a.murry@fp20analytics.com"
"BM-11650","Brian Moss","Brian","Moss","Low Value","a.moss@fp20analytics.com"
"BM-11785","Bryan Mills","Bryan","Mills","Low Value","a.mills@fp20analytics.com"
"BN-11470","Brad Norvell","Brad","Norvell","Low Value","a.norvell@fp20analytics.com"
"BN-11515","Bradley Nguyen","Bradley","Nguyen","Low Value","a.nguyen@fp20analytics.com"
"BO-11350","Bill Overfelt","Bill","Overfelt","Low Value","a.overfelt@fp20analytics.com"
"BO-11425","Bobby Odegard","Bobby","Odegard","Low Value","a.odegard@fp20analytics.com"
"BP-11050","Barry Pond","Barry","Pond","Low Value","a.pond@fp20analytics.com"
"BP-11095","Bart Pistole","Bart","Pistole","Low Value","a.pistole@fp20analytics.com"
"BP-11155","Becky Pak","Becky","Pak","Low Value","a.pak@fp20analytics.com"
"BP-11185","Ben Peterman","Ben","Peterman","Low Value","a.peterman@fp20analytics.com"
"BP-11230","Benjamin Patterson","Benjamin","Patterson","Low Value","a.patterson@fp20analytics.com"
"BP-11290","Beth Paige","Beth","Paige","Low Value","a.paige@fp20analytics.com"
"BS-11365","Bill Shonely","Bill","Shonely","Low Value","a.shonely@fp20analytics.com"
"BS-11380","Bill Stewart","Bill","Stewart","Low Value","a.stewart@fp20analytics.com"
"BS-11665","Brian Stugart","Brian","Stugart","Low Value","a.stugart@fp20analytics.com"
"BS-11755","Bruce Stewart","Bruce","Stewart","Low Value","a.stewart@fp20analytics.com"
"BS-11800","Bryan Spruell","Bryan","Spruell","Low Value","a.spruell@fp20analytics.com"
"BT-11305","Beth Thompson","Beth","Thompson","Low Value","a.thompson@fp20analytics.com"
"BT-11395","Bill Tyler","Bill","Tyler","Low Value","a.tyler@fp20analytics.com"
"BT-11440","Bobby Trafton","Bobby","Trafton","Low Value","a.trafton@fp20analytics.com"
"BT-11485","Brad Thomas","Brad","Thomas","Low Value","a.thomas@fp20analytics.com"
"BT-11530","Bradley Talbott","Bradley","Talbott","Low Value","a.talbott@fp20analytics.com"
"BT-11680","Brian Thompson","Brian","Thompson","Low Value","a.thompson@fp20analytics.com"
"BV-11245","Benjamin Venier","Benjamin","Venier","Low Value","a.venier@fp20analytics.com"
"BW-11065","Barry Weirich","Barry","Weirich","Low Value","a.weirich@fp20analytics.com"
"BW-11110","Bart Watters","Bart","Watters","Low Value","a.watters@fp20analytics.com"
"BW-11200","Ben Wallace","Ben","Wallace","Low Value","a.wallace@fp20analytics.com"
"CA-11965","Carol Adams","Carol","Adams","Low Value","a.adams@fp20analytics.com"
"CA-12055","Cathy Armstrong","Cathy","Armstrong","Low Value","a.armstrong@fp20analytics.com"
"CA-12265","Christina Anderson","Christina","Anderson","Low Value","a.anderson@fp20analytics.com"
"CA-12310","Christine Abelman","Christine","Abelman","Low Value","a.abelman@fp20analytics.com"
"CA-12775","Cynthia Arntzen","Cynthia","Arntzen","Low Value","a.arntzen@fp20analytics.com"
"CB-12025","Cassandra Brandow","Cassandra","Brandow","Low Value","a.brandow@fp20analytics.com"
"CB-12535","Claudia Bergmann","Claudia","Bergmann","Low Value","a.bergmann@fp20analytics.com"
"CC-12100","Chad Cunningham","Chad","Cunningham","Low Value","a.cunningham@fp20analytics.com"
"CC-12145","Charles Crestani","Charles","Crestani","Low Value","a.crestani@fp20analytics.com"
"CC-12220","Chris Cortes","Chris","Cortes","Low Value","a.cortes@fp20analytics.com"
"CC-12370","Christopher Conant","Christopher","Conant","Low Value","a.conant@fp20analytics.com"
"CC-12430","Chuck Clark","Chuck","Clark","Low Value","a.clark@fp20analytics.com"
"CC-12475","Cindy Chapman","Cindy","Chapman","Low Value","a.chapman@fp20analytics.com"
"CC-12550","Clay Cheatham","Clay","Cheatham","Low Value","a.cheatham@fp20analytics.com"
"CC-12610","Corey Catlett","Corey","Catlett","Low Value","a.catlett@fp20analytics.com"
"CC-12670","Craig Carreira","Craig","Carreira","Low Value","a.carreira@fp20analytics.com"
"CC-12685","Craig Carroll","Craig","Carroll","Low Value","a.carroll@fp20analytics.com"
"CD-11920","Carlos Daly","Carlos","Daly","Low Value","a.daly@fp20analytics.com"
"CD-11980","Carol Darley","Carol","Darley","Low Value","a.darley@fp20analytics.com"
"CD-12280","Christina DeMoss","Christina","DeMoss","Low Value","a.demoss@fp20analytics.com"
"CD-12790","Cynthia Delaney","Cynthia","Delaney","Low Value","a.delaney@fp20analytics.com"
"CG-12040","Catherine Glotzbach","Catherine","Glotzbach","Low Value","a.glotzbach@fp20analytics.com"
"CG-12520","Claire Gute","Claire","Gute","Low Value","a.gute@fp20analytics.com"
"CH-12070","Cathy Hwang","Cathy","Hwang","Low Value","a.hwang@fp20analytics.com"
"CJ-11875","Carl Jackson","Carl","Jackson","Low Value","a.jackson@fp20analytics.com"
"CJ-12010","Caroline Jumper","Caroline","Jumper","Low Value","a.jumper@fp20analytics.com"
"CK-12205","Chloris Kastensmidt","Chloris","Kastensmidt","Low Value","a.kastensmidt@fp20analytics.com"
"CK-12325","Christine Kargatis","Christine","Kargatis","Low Value","a.kargatis@fp20analytics.com"
"CK-12595","Clytie Kelty","Clytie","Kelty","Low Value","a.kelty@fp20analytics.com"
"CK-12760","Cyma Kinney","Cyma","Kinney","Low Value","a.kinney@fp20analytics.com"
"CL-11890","Carl Ludwig","Carl","Ludwig","Low Value","a.ludwig@fp20analytics.com"
"CL-12565","Clay Ludtke","Clay","Ludtke","Low Value","a.ludtke@fp20analytics.com"
"CL-12700","Craig Leslie","Craig","Leslie","Low Value","a.leslie@fp20analytics.com"
"CM-11815","Candace McMahon","Candace","McMahon","Low Value","a.mcmahon@fp20analytics.com"
"CM-11935","Carlos Meador","Carlos","Meador","Low Value","a.meador@fp20analytics.com"
"CM-12115","Chad McGuire","Chad","McGuire","Low Value","a.mcguire@fp20analytics.com"
"CM-12160","Charles McCrossin","Charles","McCrossin","Low Value","a.mccrossin@fp20analytics.com"
"CM-12190","Charlotte Melton","Charlotte","Melton","Low Value","a.melton@fp20analytics.com"
"CM-12385","Christopher Martinez","Christopher","Martinez","Low Value","a.martinez@fp20analytics.com"
"CM-12445","Chuck Magee","Chuck","Magee","Low Value","a.magee@fp20analytics.com"
"CM-12655","Corinna Mitchell","Corinna","Mitchell","Low Value","a.mitchell@fp20analytics.com"
"CM-12715","Craig Molinari","Craig","Molinari","Low Value","a.molinari@fp20analytics.com"
"CP-12085","Cathy Prescott","Cathy","Prescott","Low Value","a.prescott@fp20analytics.com"
"CP-12340","Christine Phan","Christine","Phan","Low Value","a.phan@fp20analytics.com"
"CR-12580","Clay Rozendal","Clay","Rozendal","Low Value","a.rozendal@fp20analytics.com"
"CR-12625","Corey Roper","Corey","Roper","Low Value","a.roper@fp20analytics.com"
"CR-12730","Craig Reiter","Craig","Reiter","Low Value","a.reiter@fp20analytics.com"
"CR-12820","Cyra Reiten","Cyra","Reiten","Low Value","a.reiten@fp20analytics.com"
"CS-11845","Cari Sayre","Cari","Sayre","Low Value","a.sayre@fp20analytics.com"
"CS-11860","Cari Schnelling","Cari","Schnelling","Low Value","a.schnelling@fp20analytics.com"
"CS-11950","Carlos Soltero","Carlos","Soltero","Low Value","a.soltero@fp20analytics.com"
"CS-12130","Chad Sievert","Chad","Sievert","Low Value","a.sievert@fp20analytics.com"
"CS-12175","Charles Sheldon","Charles","Sheldon","Low Value","a.sheldon@fp20analytics.com"
"CS-12250","Chris Selesnick","Chris","Selesnick","Low Value","a.selesnick@fp20analytics.com"
"CS-12355","Christine Sundaresam","Christine","Sundaresam","Low Value","a.sundaresam@fp20analytics.com"
"CS-12400","Christopher Schild","Christopher","Schild","Low Value","a.schild@fp20analytics.com"
"CS-12460","Chuck Sachs","Chuck","Sachs","Low Value","a.sachs@fp20analytics.com"
"CS-12490","Cindy Schnelling","Cindy","Schnelling","Low Value","a.schnelling@fp20analytics.com"
"CS-12505","Cindy Stewart","Cindy","Stewart","Low Value","a.stewart@fp20analytics.com"
"CT-11995","Carol Triggs","Carol","Triggs","Low Value","a.triggs@fp20analytics.com"
"CV-12295","Christina VanderZanden","Christina","VanderZanden","Low Value","a.vanderzanden@fp20analytics.com"
"CV-12805","Cynthia Voltz","Cynthia","Voltz","Low Value","a.voltz@fp20analytics.com"
"CW-11905","Carl Weiss","Carl","Weiss","Low Value","a.weiss@fp20analytics.com"
"CY-12745","Craig Yedwab","Craig","Yedwab","Low Value","a.yedwab@fp20analytics.com"
"Co-12640","Corey-Lock","Corey","Lock","Low Value","a.lock@fp20analytics.com"
"DA-13450","Dianna Arnett","Dianna","Arnett","Low Value","a.arnett@fp20analytics.com"
"DB-12910","Daniel Byrd","Daniel","Byrd","Low Value","a.byrd@fp20analytics.com"
"DB-12970","Darren Budd","Darren","Budd","Low Value","a.budd@fp20analytics.com"
"DB-13060","Dave Brooks","Dave","Brooks","Low Value","a.brooks@fp20analytics.com"
"DB-13120","David Bremer","David","Bremer","Low Value","a.bremer@fp20analytics.com"
"DB-13210","Dean Braden","Dean","Braden","Low Value","a.braden@fp20analytics.com"
"DB-13270","Deborah Brumfield","Deborah","Brumfield","Low Value","a.brumfield@fp20analytics.com"
"DB-13360","Dennis Bolton","Dennis","Bolton","Low Value","a.bolton@fp20analytics.com"
"DB-13405","Denny Blanton","Denny","Blanton","Low Value","a.blanton@fp20analytics.com"
"DB-13555","Dorothy Badders","Dorothy","Badders","Low Value","a.badders@fp20analytics.com"
"DB-13615","Doug Bickford","Doug","Bickford","Low Value","a.bickford@fp20analytics.com"
"DB-13660","Duane Benoit","Duane","Benoit","Low Value","a.benoit@fp20analytics.com"
"DC-12850","Dan Campbell","Dan","Campbell","Low Value","a.campbell@fp20analytics.com"
"DC-13285","Debra Catini","Debra","Catini","Low Value","a.catini@fp20analytics.com"
"DD-13570","Dorothy Dickinson","Dorothy","Dickinson","Low Value","a.dickinson@fp20analytics.com"
"DE-13255","Deanra Eno","Deanra","Eno","Low Value","a.eno@fp20analytics.com"
"DF-13135","David Flashing","David","Flashing","Low Value","a.flashing@fp20analytics.com"
"DG-13300","Deirdre Greer","Deirdre","Greer","Low Value","a.greer@fp20analytics.com"
"DH-13075","Dave Hallsten","Dave","Hallsten","Low Value","a.hallsten@fp20analytics.com"
"DH-13675","Duane Huffman","Duane","Huffman","Low Value","a.huffman@fp20analytics.com"
"DJ-13420","Denny Joy","Denny","Joy","Low Value","a.joy@fp20analytics.com"
"DJ-13510","Don Jones","Don","Jones","Low Value","a.jones@fp20analytics.com"
"DK-12835","Damala Kotsonis","Damala","Kotsonis","Low Value","a.kotsonis@fp20analytics.com"
"DK-12895","Dana Kaydos","Dana","Kaydos","Low Value","a.kaydos@fp20analytics.com"
"DK-12985","Darren Koutras","Darren","Koutras","Low Value","a.koutras@fp20analytics.com"
"DK-13090","Dave Kipp","Dave","Kipp","Low Value","a.kipp@fp20analytics.com"
"DK-13150","David Kendrick","David","Kendrick","Low Value","a.kendrick@fp20analytics.com"
"DK-13375","Dennis Kane","Dennis","Kane","Low Value","a.kane@fp20analytics.com"
"DL-12865","Dan Lawera","Dan","Lawera","Low Value","a.lawera@fp20analytics.com"
"DL-12925","Daniel Lacy","Daniel","Lacy","Low Value","a.lacy@fp20analytics.com"
"DL-13315","Delfina Latchford","Delfina","Latchford","Low Value","a.latchford@fp20analytics.com"
"DL-13330","Denise Leinenbach","Denise","Leinenbach","Low Value","a.leinenbach@fp20analytics.com"
"DL-13495","Dionis Lloyd","Dionis","Lloyd","Low Value","a.lloyd@fp20analytics.com"
"DM-12955","Dario Medina","Dario","Medina","Low Value","a.medina@fp20analytics.com"
"DM-13015","Darrin Martin","Darrin","Martin","Low Value","a.martin@fp20analytics.com"
"DM-13345","Denise Monton","Denise","Monton","Low Value","a.monton@fp20analytics.com"
"DM-13525","Don Miller","Don","Miller","Low Value","a.miller@fp20analytics.com"
"DN-13690","Duane Noonan","Duane","Noonan","Low Value","a.noonan@fp20analytics.com"
"DO-13435","Denny Ordway","Denny","Ordway","Low Value","a.ordway@fp20analytics.com"
"DO-13645","Doug O'Connell","Doug","O'Connell","Low Value","a.o'connell@fp20analytics.com"
"DP-13000","Darren Powers","Darren","Powers","Low Value","a.powers@fp20analytics.com"
"DP-13105","Dave Poirier","Dave","Poirier","Low Value","a.poirier@fp20analytics.com"
"DP-13165","David Philippe","David","Philippe","Low Value","a.philippe@fp20analytics.com"
"DP-13390","Dennis Pardue","Dennis","Pardue","Low Value","a.pardue@fp20analytics.com"
"DR-12880","Dan Reichenbach","Dan","Reichenbach","Low Value","a.reichenbach@fp20analytics.com"
"DR-12940","Daniel Raglin","Daniel","Raglin","Low Value","a.raglin@fp20analytics.com"
"DS-13030","Darrin Sayre","Darrin","Sayre","Low Value","a.sayre@fp20analytics.com"
"DS-13180","David Smith","David","Smith","Low Value","a.smith@fp20analytics.com"
"DV-13045","Darrin Van Huff","Darrin","Van Huff","Low Value","a.van huff@fp20analytics.com"
"DV-13465","Dianna Vittorini","Dianna","Vittorini","Low Value","a.vittorini@fp20analytics.com"
"DW-13195","David Wiener","David","Wiener","Low Value","a.wiener@fp20analytics.com"
"DW-13540","Don Weiss","Don","Weiss","Low Value","a.weiss@fp20analytics.com"
"DW-13585","Dorothy Wardle","Dorothy","Wardle","Low Value","a.wardle@fp20analytics.com"
"Dl-13600","Dorris liebe","Dorris","liebe","Low Value","a.liebe@fp20analytics.com"
"Dp-13240","Dean percer","Dean","percer","Low Value","a.percer@fp20analytics.com"
"EA-14035","Erin Ashbrook","Erin","Ashbrook","Low Value","a.ashbrook@fp20analytics.com"
"EB-13705","Ed Braxton","Ed","Braxton","Low Value","a.braxton@fp20analytics.com"
"EB-13750","Edward Becker","Edward","Becker","Low Value","a.becker@fp20analytics.com"
"EB-13840","Ellis Ballard","Ellis","Ballard","Low Value","a.ballard@fp20analytics.com"
"EB-13930","Eric Barreto","Eric","Barreto","Low Value","a.barreto@fp20analytics.com"
"EB-13975","Erica Bern","Erica","Bern","Low Value","a.bern@fp20analytics.com"
"EB-14110","Eugene Barchas","Eugene","Barchas","Low Value","a.barchas@fp20analytics.com"
"EB-14170","Evan Bailliet","Evan","Bailliet","Low Value","a.bailliet@fp20analytics.com"
"EC-14050","Erin Creighton","Erin","Creighton","Low Value","a.creighton@fp20analytics.com"
"ED-13885","Emily Ducich","Emily","Ducich","Low Value","a.ducich@fp20analytics.com"
"EG-13900","Emily Grady","Emily","Grady","Low Value","a.grady@fp20analytics.com"
"EH-13765","Edward Hooks","Edward","Hooks","Low Value","a.hooks@fp20analytics.com"
"EH-13945","Eric Hoffmann","Eric","Hoffmann","Low Value","a.hoffmann@fp20analytics.com"
"EH-13990","Erica Hackney","Erica","Hackney","Low Value","a.hackney@fp20analytics.com"
"EH-14005","Erica Hernandez","Erica","Hernandez","Low Value","a.hernandez@fp20analytics.com"
"EH-14125","Eugene Hildebrand","Eugene","Hildebrand","Low Value","a.hildebrand@fp20analytics.com"
"EH-14185","Evan Henry","Evan","Henry","Low Value","a.henry@fp20analytics.com"
"EJ-13720","Ed Jacobs","Ed","Jacobs","Low Value","a.jacobs@fp20analytics.com"
"EJ-14155","Eva Jacobs","Eva","Jacobs","Low Value","a.jacobs@fp20analytics.com"
"EK-13795","Eileen Kiefer","Eileen","Kiefer","Low Value","a.kiefer@fp20analytics.com"
"EL-13735","Ed Ludwig","Ed","Ludwig","Low Value","a.ludwig@fp20analytics.com"
"EM-13810","Eleni McCrary","Eleni","McCrary","Low Value","a.mccrary@fp20analytics.com"
"EM-13825","Elizabeth Moffitt","Elizabeth","Moffitt","Low Value","a.moffitt@fp20analytics.com"
"EM-13960","Eric Murdock","Eric","Murdock","Low Value","a.murdock@fp20analytics.com"
"EM-14065","Erin Mull","Erin","Mull","Low Value","a.mull@fp20analytics.com"
"EM-14095","Eudokia Martin","Eudokia","Martin","Low Value","a.martin@fp20analytics.com"
"EM-14140","Eugene Moren","Eugene","Moren","Low Value","a.moren@fp20analytics.com"
"EM-14200","Evan Minnotte","Evan","Minnotte","Low Value","a.minnotte@fp20analytics.com"
"EN-13780","Edward Nazzal","Edward","Nazzal","Low Value","a.nazzal@fp20analytics.com"
"EP-13915","Emily Phan","Emily","Phan","Low Value","a.phan@fp20analytics.com"
"ER-13855","Elpida Rittenbach","Elpida","Rittenbach","Low Value","a.rittenbach@fp20analytics.com"
"ES-14020","Erica Smith","Erica","Smith","Low Value","a.smith@fp20analytics.com"
"ES-14080","Erin Smith","Erin","Smith","Low Value","a.smith@fp20analytics.com"
"FA-14230","Frank Atkinson","Frank","Atkinson","Low Value","a.atkinson@fp20analytics.com"
"FC-14245","Frank Carlisle","Frank","Carlisle","Low Value","a.carlisle@fp20analytics.com"
"FC-14335","Fred Chung","Fred","Chung","Low Value","a.chung@fp20analytics.com"
"FG-14260","Frank Gastineau","Frank","Gastineau","Low Value","a.gastineau@fp20analytics.com"
"FH-14275","Frank Hawley","Frank","Hawley","Low Value","a.hawley@fp20analytics.com"
"FH-14350","Fred Harton","Fred","Harton","Low Value","a.harton@fp20analytics.com"
"FM-14290","Frank Merwin","Frank","Merwin","Low Value","a.merwin@fp20analytics.com"
"FM-14380","Fred McMath","Fred","McMath","Low Value","a.mcmath@fp20analytics.com"
"FP-14320","Frank Preis","Frank","Preis","Low Value","a.preis@fp20analytics.com"
"FW-14395","Fred Wasserman","Fred","Wasserman","Low Value","a.wasserman@fp20analytics.com"
"GA-14515","George Ashbrook","George","Ashbrook","Low Value","a.ashbrook@fp20analytics.com"
"GA-14725","Guy Armstrong","Guy","Armstrong","Low Value","a.armstrong@fp20analytics.com"
"GB-14530","George Bell","George","Bell","Low Value","a.bell@fp20analytics.com"
"GB-14575","Giulietta Baptist","Giulietta","Baptist","Low Value","a.baptist@fp20analytics.com"
"GD-14590","Giulietta Dortch","Giulietta","Dortch","Low Value","a.dortch@fp20analytics.com"
"GG-14650","Greg Guthrie","Greg","Guthrie","Low Value","a.guthrie@fp20analytics.com"
"GH-14410","Gary Hansen","Gary","Hansen","Low Value","a.hansen@fp20analytics.com"
"GH-14425","Gary Hwang","Gary","Hwang","Low Value","a.hwang@fp20analytics.com"
"GH-14665","Greg Hansen","Greg","Hansen","Low Value","a.hansen@fp20analytics.com"
"GK-14620","Grace Kelly","Grace","Kelly","Low Value","a.kelly@fp20analytics.com"
"GM-14440","Gary McGarr","Gary","McGarr","Low Value","a.mcgarr@fp20analytics.com"
"GM-14455","Gary Mitchum","Gary","Mitchum","Low Value","a.mitchum@fp20analytics.com"
"GM-14500","Gene McClure","Gene","McClure","Low Value","a.mcclure@fp20analytics.com"
"GM-14680","Greg Matthias","Greg","Matthias","Low Value","a.matthias@fp20analytics.com"
"GP-14740","Guy Phonely","Guy","Phonely","Low Value","a.phonely@fp20analytics.com"
"GR-14560","Georgia Rosenberg","Georgia","Rosenberg","Low Value","a.rosenberg@fp20analytics.com"
"GT-14635","Grant Thornton","Grant","Thornton","Low Value","a.thornton@fp20analytics.com"
"GT-14710","Greg Tran","Greg","Tran","Low Value","a.tran@fp20analytics.com"
"GT-14755","Guy Thornton","Guy","Thornton","Low Value","a.thornton@fp20analytics.com"
"GW-14605","Giulietta Weimer","Giulietta","Weimer","Low Value","a.weimer@fp20analytics.com"
"GZ-14470","Gary Zandusky","Gary","Zandusky","Low Value","a.zandusky@fp20analytics.com"
"GZ-14545","George Zrebassa","George","Zrebassa","Low Value","a.zrebassa@fp20analytics.com"
"HA-14905","Helen Abelman","Helen","Abelman","Low Value","a.abelman@fp20analytics.com"
"HA-14920","Helen Andreada","Helen","Andreada","Low Value","a.andreada@fp20analytics.com"
"HD-14785","Harold Dahlen","Harold","Dahlen","Low Value","a.dahlen@fp20analytics.com"
"HE-14800","Harold Engle","Harold","Engle","Low Value","a.engle@fp20analytics.com"
"HF-14995","Herbert Flentye","Herbert","Flentye","Low Value","a.flentye@fp20analytics.com"
"HG-14845","Harry Greene","Harry","Greene","Low Value","a.greene@fp20analytics.com"
"HG-14965","Henry Goldwyn","Henry","Goldwyn","Low Value","a.goldwyn@fp20analytics.com"
"HG-15025","Hunter Glantz","Hunter","Glantz","Low Value","a.glantz@fp20analytics.com"
"HH-15010","Hilary Holden","Hilary","Holden","Low Value","a.holden@fp20analytics.com"
"HJ-14875","Heather Jas","Heather","Jas","Low Value","a.jas@fp20analytics.com"
"HK-14890","Heather Kirkland","Heather","Kirkland","Low Value","a.kirkland@fp20analytics.com"
"HM-14860","Harry Marie","Harry","Marie","Low Value","a.marie@fp20analytics.com"
"HM-14980","Henry MacAllister","Henry","MacAllister","Low Value","a.macallister@fp20analytics.com"
"HP-14815","Harold Pawlan","Harold","Pawlan","Low Value","a.pawlan@fp20analytics.com"
"HR-14770","Hallie Redmond","Hallie","Redmond","Low Value","a.redmond@fp20analytics.com"
"HR-14830","Harold Ryan","Harold","Ryan","Low Value","a.ryan@fp20analytics.com"
"HW-14935","Helen Wasserman","Helen","Wasserman","Low Value","a.wasserman@fp20analytics.com"
"HZ-14950","Henia Zydlo","Henia","Zydlo","Low Value","a.zydlo@fp20analytics.com"
"IG-15085","Ivan Gibson","Ivan","Gibson","Low Value","a.gibson@fp20analytics.com"
"IL-15100","Ivan Liston","Ivan","Liston","Low Value","a.liston@fp20analytics.com"
"IM-15055","Ionia McGrath","Ionia","McGrath","Low Value","a.mcgrath@fp20analytics.com"
"IM-15070","Irene Maddox","Irene","Maddox","Low Value","a.maddox@fp20analytics.com"
"JA-15970","Joseph Airdo","Joseph","Airdo","Low Value","a.airdo@fp20analytics.com"
"JB-15400","Jennifer Braxton","Jennifer","Braxton","Low Value","a.braxton@fp20analytics.com"
"JB-15925","Joni Blumstein","Joni","Blumstein","Low Value","a.blumstein@fp20analytics.com"
"JB-16000","Joy Bell-","Joy","Bell-","Low Value","a.bell-@fp20analytics.com"
"JB-16045","Julia Barnett","Julia","Barnett","Low Value","a.barnett@fp20analytics.com"
"JC-15340","Jasper Cacioppo","Jasper","Cacioppo","Low Value","a.cacioppo@fp20analytics.com"
"JC-15385","Jenna Caffey","Jenna","Caffey","Low Value","a.caffey@fp20analytics.com"
"JC-15775","John Castell","John","Castell","Low Value","a.castell@fp20analytics.com"
"JC-16105","Julie Creighton","Julie","Creighton","Low Value","a.creighton@fp20analytics.com"
"JD-15790","John Dryer","John","Dryer","Low Value","a.dryer@fp20analytics.com"
"JD-15895","Jonathan Doherty","Jonathan","Doherty","Low Value","a.doherty@fp20analytics.com"
"JD-16015","Joy Daniels","Joy","Daniels","Low Value","a.daniels@fp20analytics.com"
"JD-16060","Julia Dunbar","Julia","Dunbar","Low Value","a.dunbar@fp20analytics.com"
"JD-16150","Justin Deggeller","Justin","Deggeller","Low Value","a.deggeller@fp20analytics.com"
"JE-15475","Jeremy Ellison","Jeremy","Ellison","Low Value","a.ellison@fp20analytics.com"
"JE-15610","Jim Epp","Jim","Epp","Low Value","a.epp@fp20analytics.com"
"JE-15715","Joe Elijah","Joe","Elijah","Low Value","a.elijah@fp20analytics.com"
"JF-15190","Jamie Frazer","Jamie","Frazer","Low Value","a.frazer@fp20analytics.com"
"JF-15295","Jason Fortune-","Jason","Fortune-","Low Value","a.fortune-@fp20analytics.com"
"JF-15355","Jay Fein","Jay","Fein","Low Value","a.fein@fp20analytics.com"
"JF-15415","Jennifer Ferguson","Jennifer","Ferguson","Low Value","a.ferguson@fp20analytics.com"
"JF-15490","Jeremy Farry","Jeremy","Farry","Low Value","a.farry@fp20analytics.com"
"JF-15565","Jill Fjeld","Jill","Fjeld","Low Value","a.fjeld@fp20analytics.com"
"JG-15115","Jack Garza","Jack","Garza","Low Value","a.garza@fp20analytics.com"
"JG-15160","James Galang","James","Galang","Low Value","a.galang@fp20analytics.com"
"JG-15310","Jason Gross","Jason","Gross","Low Value","a.gross@fp20analytics.com"
"JG-15805","John Grady","John","Grady","Low Value","a.grady@fp20analytics.com"
"JH-15430","Jennifer Halladay","Jennifer","Halladay","Low Value","a.halladay@fp20analytics.com"
"JH-15820","John Huston","John","Huston","Low Value","a.huston@fp20analytics.com"
"JH-15910","Jonathan Howell","Jonathan","Howell","Low Value","a.howell@fp20analytics.com"
"JH-15985","Joseph Holt","Joseph","Holt","Low Value","a.holt@fp20analytics.com"
"JH-16180","Justin Hirsh","Justin","Hirsh","Low Value","a.hirsh@fp20analytics.com"
"JJ-15445","Jennifer Jackson","Jennifer","Jackson","Low Value","a.jackson@fp20analytics.com"
"JJ-15760","Joel Jenkins","Joel","Jenkins","Low Value","a.jenkins@fp20analytics.com"
"JK-15205","Jamie Kunitz","Jamie","Kunitz","Low Value","a.kunitz@fp20analytics.com"
"JK-15325","Jason Klamczynski","Jason","Klamczynski","Low Value","a.klamczynski@fp20analytics.com"
"JK-15370","Jay Kimmel","Jay","Kimmel","Low Value","a.kimmel@fp20analytics.com"
"JK-15625","Jim Karlsson","Jim","Karlsson","Low Value","a.karlsson@fp20analytics.com"
"JK-15640","Jim Kriz","Jim","Kriz","Low Value","a.kriz@fp20analytics.com"
"JK-16120","Julie Kriz","Julie","Kriz","Low Value","a.kriz@fp20analytics.com"
"JL-15130","Jack Lebron","Jack","Lebron","Low Value","a.lebron@fp20analytics.com"
"JL-15175","James Lanier","James","Lanier","Low Value","a.lanier@fp20analytics.com"
"JL-15235","Janet Lee","Janet","Lee","Low Value","a.lee@fp20analytics.com"
"JL-15505","Jeremy Lonsdale","Jeremy","Lonsdale","Low Value","a.lonsdale@fp20analytics.com"
"JL-15835","John Lee","John","Lee","Low Value","a.lee@fp20analytics.com"
"JL-15850","John Lucas","John","Lucas","Low Value","a.lucas@fp20analytics.com"
"JM-15250","Janet Martin","Janet","Martin","Low Value","a.martin@fp20analytics.com"
"JM-15265","Janet Molinari","Janet","Molinari","Low Value","a.molinari@fp20analytics.com"
"JM-15535","Jessica Myrick","Jessica","Myrick","Low Value","a.myrick@fp20analytics.com"
"JM-15580","Jill Matthias","Jill","Matthias","Low Value","a.matthias@fp20analytics.com"
"JM-15655","Jim Mitchum","Jim","Mitchum","Low Value","a.mitchum@fp20analytics.com"
"JM-16195","Justin MacKendrick","Justin","MacKendrick","Low Value","a.mackendrick@fp20analytics.com"
"JO-15145","Jack O'Briant","Jack","O'Briant","Low Value","a.o'briant@fp20analytics.com"
"JO-15550","Jesus Ocampo","Jesus","Ocampo","Low Value","a.ocampo@fp20analytics.com"
"JP-15460","Jennifer Patt","Jennifer","Patt","Low Value","a.patt@fp20analytics.com"
"JP-15520","Jeremy Pistek","Jeremy","Pistek","Low Value","a.pistek@fp20analytics.com"
"JP-16135","Julie Prescott","Julie","Prescott","Low Value","a.prescott@fp20analytics.com"
"JR-15670","Jim Radford","Jim","Radford","Low Value","a.radford@fp20analytics.com"
"JR-15700","Jocasta Rupert","Jocasta","Rupert","Low Value","a.rupert@fp20analytics.com"
"JR-16210","Justin Ritter","Justin","Ritter","Low Value","a.ritter@fp20analytics.com"
"JS-15595","Jill Stevenson","Jill","Stevenson","Low Value","a.stevenson@fp20analytics.com"
"JS-15685","Jim Sink","Jim","Sink","Low Value","a.sink@fp20analytics.com"
"JS-15940","Joni Sundaresam","Joni","Sundaresam","Low Value","a.sundaresam@fp20analytics.com"
"JS-16030","Joy Smith","Joy","Smith","Low Value","a.smith@fp20analytics.com"
"JW-15220","Jane Waco","Jane","Waco","Low Value","a.waco@fp20analytics.com"
"JW-15955","Joni Wasserman","Joni","Wasserman","Low Value","a.wasserman@fp20analytics.com"
"JW-16075","Julia West","Julia","West","Low Value","a.west@fp20analytics.com"
"KA-16525","Kelly Andreada","Kelly","Andreada","Low Value","a.andreada@fp20analytics.com"
"KB-16240","Karen Bern","Karen","Bern","Low Value","a.bern@fp20analytics.com"
"KB-16315","Karl Braun","Karl","Braun","Low Value","a.braun@fp20analytics.com"
"KB-16405","Katrina Bavinger","Katrina","Bavinger","Low Value","a.bavinger@fp20analytics.com"
"KB-16585","Ken Black","Ken","Black","Low Value","a.black@fp20analytics.com"
"KB-16600","Ken Brennan","Ken","Brennan","Low Value","a.brennan@fp20analytics.com"
"KC-16255","Karen Carlisle","Karen","Carlisle","Low Value","a.carlisle@fp20analytics.com"
"KC-16540","Kelly Collister","Kelly","Collister","Low Value","a.collister@fp20analytics.com"
"KC-16675","Kimberly Carter","Kimberly","Carter","Low Value","a.carter@fp20analytics.com"
"KD-16270","Karen Daniels","Karen","Daniels","Low Value","a.daniels@fp20analytics.com"
"KD-16345","Katherine Ducich","Katherine","Ducich","Low Value","a.ducich@fp20analytics.com"
"KD-16495","Keith Dawkins","Keith","Dawkins","Low Value","a.dawkins@fp20analytics.com"
"KD-16615","Ken Dana","Ken","Dana","Low Value","a.dana@fp20analytics.com"
"KE-16420","Katrina Edelman","Katrina","Edelman","Low Value","a.edelman@fp20analytics.com"
"KF-16285","Karen Ferguson","Karen","Ferguson","Low Value","a.ferguson@fp20analytics.com"
"KH-16330","Katharine Harms","Katharine","Harms","Low Value","a.harms@fp20analytics.com"
"KH-16360","Katherine Hughes","Katherine","Hughes","Low Value","a.hughes@fp20analytics.com"
"KH-16510","Keith Herrera","Keith","Herrera","Low Value","a.herrera@fp20analytics.com"
"KH-16630","Ken Heidel","Ken","Heidel","Low Value","a.heidel@fp20analytics.com"
"KH-16690","Kristen Hastings","Kristen","Hastings","Low Value","a.hastings@fp20analytics.com"
"KL-16555","Kelly Lampkin","Kelly","Lampkin","Low Value","a.lampkin@fp20analytics.com"
"KL-16645","Ken Lonsdale","Ken","Lonsdale","Low Value","a.lonsdale@fp20analytics.com"
"KM-16225","Kalyca Meade","Kalyca","Meade","Low Value","a.meade@fp20analytics.com"
"KM-16375","Katherine Murray","Katherine","Murray","Low Value","a.murray@fp20analytics.com"
"KM-16660","Khloe Miller","Khloe","Miller","Low Value","a.miller@fp20analytics.com"
"KM-16720","Kunst Miller","Kunst","Miller","Low Value","a.miller@fp20analytics.com"
"KN-16390","Katherine Nockton","Katherine","Nockton","Low Value","a.nockton@fp20analytics.com"
"KN-16450","Kean Nguyen","Kean","Nguyen","Low Value","a.nguyen@fp20analytics.com"
"KN-16705","Kristina Nunn","Kristina","Nunn","Low Value","a.nunn@fp20analytics.com"
"KS-16300","Karen Seio","Karen","Seio","Low Value","a.seio@fp20analytics.com"
"KT-16465","Kean Takahito","Kean","Takahito","Low Value","a.takahito@fp20analytics.com"
"KT-16480","Kean Thornton","Kean","Thornton","Low Value","a.thornton@fp20analytics.com"
"KW-16435","Katrina Willman","Katrina","Willman","Low Value","a.willman@fp20analytics.com"
"KW-16570","Kelly Williams","Kelly","Williams","Low Value","a.williams@fp20analytics.com"
"LA-16780","Laura Armstrong","Laura","Armstrong","Low Value","a.armstrong@fp20analytics.com"
"LB-16735","Larry Blacks","Larry","Blacks","Low Value","a.blacks@fp20analytics.com"
"LB-16795","Laurel Beltran","Laurel","Beltran","Low Value","a.beltran@fp20analytics.com"
"LC-16870","Lena Cacioppo","Lena","Cacioppo","Low Value","a.cacioppo@fp20analytics.com"
"LC-16930","Linda Cazamias","Linda","Cazamias","Low Value","a.cazamias@fp20analytics.com"
"LC-16960","Lindsay Castell","Lindsay","Castell","Low Value","a.castell@fp20analytics.com"
"LC-17050","Liz Carlisle","Liz","Carlisle","Low Value","a.carlisle@fp20analytics.com"
"LC-17140","Logan Currie","Logan","Currie","Low Value","a.currie@fp20analytics.com"
"LD-16855","Lela Donovan","Lela","Donovan","Low Value","a.donovan@fp20analytics.com"
"LD-17005","Lisa DeCherney","Lisa","DeCherney","Low Value","a.decherney@fp20analytics.com"
"LE-16810","Laurel Elliston","Laurel","Elliston","Low Value","a.elliston@fp20analytics.com"
"LF-17185","Luke Foster","Luke","Foster","Low Value","a.foster@fp20analytics.com"
"LH-16750","Larry Hughes","Larry","Hughes","Low Value","a.hughes@fp20analytics.com"
"LH-16900","Lena Hernandez","Lena","Hernandez","Low Value","a.hernandez@fp20analytics.com"
"LH-17020","Lisa Hazard","Lisa","Hazard","Low Value","a.hazard@fp20analytics.com"
"LH-17155","Logan Haushalter","Logan","Haushalter","Low Value","a.haushalter@fp20analytics.com"
"LL-16840","Lauren Leatherbury","Lauren","Leatherbury","Low Value","a.leatherbury@fp20analytics.com"
"LM-17065","Liz MacKendrick","Liz","MacKendrick","Low Value","a.mackendrick@fp20analytics.com"
"LO-17170","Lori Olson","Lori","Olson","Low Value","a.olson@fp20analytics.com"
"LP-17080","Liz Pelletier","Liz","Pelletier","Low Value","a.pelletier@fp20analytics.com"
"LP-17095","Liz Preis","Liz","Preis","Low Value","a.preis@fp20analytics.com"
"LR-16915","Lena Radford","Lena","Radford","Low Value","a.radford@fp20analytics.com"
"LR-17035","Lisa Ryan","Lisa","Ryan","Low Value","a.ryan@fp20analytics.com"
"LS-16945","Linda Southworth","Linda","Southworth","Low Value","a.southworth@fp20analytics.com"
"LS-16975","Lindsay Shagiari","Lindsay","Shagiari","Low Value","a.shagiari@fp20analytics.com"
"LS-17200","Luke Schmidt","Luke","Schmidt","Low Value","a.schmidt@fp20analytics.com"
"LS-17230","Lycoris Saunders","Lycoris","Saunders","Low Value","a.saunders@fp20analytics.com"
"LS-17245","Lynn Smith","Lynn","Smith","Low Value","a.smith@fp20analytics.com"
"LT-16765","Larry Tron","Larry","Tron","Low Value","a.tron@fp20analytics.com"
"LT-17110","Liz Thompson","Liz","Thompson","Low Value","a.thompson@fp20analytics.com"
"LW-16825","Laurel Workman","Laurel","Workman","Low Value","a.workman@fp20analytics.com"
"LW-16990","Lindsay Williams","Lindsay","Williams","Low Value","a.williams@fp20analytics.com"
"LW-17125","Liz Willingham","Liz","Willingham","Low Value","a.willingham@fp20analytics.com"
"LW-17215","Luke Weiss","Luke","Weiss","Low Value","a.weiss@fp20analytics.com"
"MA-17560","Matt Abelman","Matt","Abelman","Low Value","a.abelman@fp20analytics.com"
"MA-17995","Michelle Arnett","Michelle","Arnett","Low Value","a.arnett@fp20analytics.com"
"MB-17305","Maria Bertelson","Maria","Bertelson","Low Value","a.bertelson@fp20analytics.com"
"MB-18085","Mick Brown","Mick","Brown","Low Value","a.brown@fp20analytics.com"
"MC-17275","Marc Crier","Marc","Crier","Low Value","a.crier@fp20analytics.com"
"MC-17425","Mark Cousins","Mark","Cousins","Low Value","a.cousins@fp20analytics.com"
"MC-17575","Matt Collins","Matt","Collins","Low Value","a.collins@fp20analytics.com"
"MC-17590","Matt Collister","Matt","Collister","Low Value","a.collister@fp20analytics.com"
"MC-17605","Matt Connell","Matt","Connell","Low Value","a.connell@fp20analytics.com"
"MC-17635","Matthew Clasen","Matthew","Clasen","Low Value","a.clasen@fp20analytics.com"
"MC-17845","Michael Chen","Michael","Chen","Low Value","a.chen@fp20analytics.com"
"MC-18100","Mick Crebagga","Mick","Crebagga","Low Value","a.crebagga@fp20analytics.com"
"MC-18130","Mike Caudle","Mike","Caudle","Low Value","a.caudle@fp20analytics.com"
"MD-17350","Maribeth Dona","Maribeth","Dona","Low Value","a.dona@fp20analytics.com"
"MD-17860","Michael Dominguez","Michael","Dominguez","Low Value","a.dominguez@fp20analytics.com"
"ME-17320","Maria Etezadi","Maria","Etezadi","Low Value","a.etezadi@fp20analytics.com"
"ME-17725","Max Engle","Max","Engle","Low Value","a.engle@fp20analytics.com"
"ME-18010","Michelle Ellison","Michelle","Ellison","Low Value","a.ellison@fp20analytics.com"
"MF-17665","Maureen Fritzler","Maureen","Fritzler","Low Value","a.fritzler@fp20analytics.com"
"MF-18250","Monica Federle","Monica","Federle","Low Value","a.federle@fp20analytics.com"
"MG-17650","Matthew Grinstein","Matthew","Grinstein","Low Value","a.grinstein@fp20analytics.com"
"MG-17680","Maureen Gastineau","Maureen","Gastineau","Low Value","a.gastineau@fp20analytics.com"
"MG-17695","Maureen Gnade","Maureen","Gnade","Low Value","a.gnade@fp20analytics.com"
"MG-17875","Michael Grace","Michael","Grace","Low Value","a.grace@fp20analytics.com"
"MG-17890","Michael Granlund","Michael","Granlund","Low Value","a.granlund@fp20analytics.com"
"MG-18145","Mike Gockenbach","Mike","Gockenbach","Low Value","a.gockenbach@fp20analytics.com"
"MG-18205","Mitch Gastineau","Mitch","Gastineau","Low Value","a.gastineau@fp20analytics.com"
"MH-17290","Marc Harrigan","Marc","Harrigan","Low Value","a.harrigan@fp20analytics.com"
"MH-17440","Mark Haberlin","Mark","Haberlin","Low Value","a.haberlin@fp20analytics.com"
"MH-17455","Mark Hamilton","Mark","Hamilton","Low Value","a.hamilton@fp20analytics.com"
"MH-17620","Matt Hagelstein","Matt","Hagelstein","Low Value","a.hagelstein@fp20analytics.com"
"MH-17785","Maya Herman","Maya","Herman","Low Value","a.herman@fp20analytics.com"
"MH-18025","Michelle Huthwaite","Michelle","Huthwaite","Low Value","a.huthwaite@fp20analytics.com"
"MH-18115","Mick Hernandez","Mick","Hernandez","Low Value","a.hernandez@fp20analytics.com"
"MJ-17740","Max Jones","Max","Jones","Low Value","a.jones@fp20analytics.com"
"MK-18160","Mike Kennedy","Mike","Kennedy","Low Value","a.kennedy@fp20analytics.com"
"ML-17395","Marina Lichtenstein","Marina","Lichtenstein","Low Value","a.lichtenstein@fp20analytics.com"
"ML-17410","Maris LaWare","Maris","LaWare","Low Value","a.laware@fp20analytics.com"
"ML-17755","Max Ludwig","Max","Ludwig","Low Value","a.ludwig@fp20analytics.com"
"ML-18040","Michelle Lonsdale","Michelle","Lonsdale","Low Value","a.lonsdale@fp20analytics.com"
"ML-18265","Muhammed Lee","Muhammed","Lee","Low Value","a.lee@fp20analytics.com"
"MM-17260","Magdelene Morse","Magdelene","Morse","Low Value","a.morse@fp20analytics.com"
"MM-18055","Michelle Moray","Michelle","Moray","Low Value","a.moray@fp20analytics.com"
"MM-18280","Muhammed MacIntyre","Muhammed","MacIntyre","Low Value","a.macintyre@fp20analytics.com"
"MN-17935","Michael Nguyen","Michael","Nguyen","Low Value","a.nguyen@fp20analytics.com"
"MO-17500","Mary O'Rourke","Mary","O'Rourke","Low Value","a.o'rourke@fp20analytics.com"
"MO-17800","Meg O'Connel","Meg","O'Connel","Low Value","a.o'connel@fp20analytics.com"
"MO-17950","Michael Oakman","Michael","Oakman","Low Value","a.oakman@fp20analytics.com"
"MP-17470","Mark Packer","Mark","Packer","Low Value","a.packer@fp20analytics.com"
"MP-17965","Michael Paige","Michael","Paige","Low Value","a.paige@fp20analytics.com"
"MP-18175","Mike Pelletier","Mike","Pelletier","Low Value","a.pelletier@fp20analytics.com"
"MR-17545","Mathew Reese","Mathew","Reese","Low Value","a.reese@fp20analytics.com"
"MS-17365","Maribeth Schnelling","Maribeth","Schnelling","Low Value","a.schnelling@fp20analytics.com"
"MS-17530","MaryBeth Skach","MaryBeth","Skach","Low Value","a.skach@fp20analytics.com"
"MS-17710","Maurice Satty","Maurice","Satty","Low Value","a.satty@fp20analytics.com"
"MS-17770","Maxwell Schwartz","Maxwell","Schwartz","Low Value","a.schwartz@fp20analytics.com"
"MS-17830","Melanie Seite","Melanie","Seite","Low Value","a.seite@fp20analytics.com"
"MS-17980","Michael Stewart","Michael","Stewart","Low Value","a.stewart@fp20analytics.com"
"MT-17815","Meg Tillman","Meg","Tillman","Low Value","a.tillman@fp20analytics.com"
"MT-18070","Michelle Tran","Michelle","Tran","Low Value","a.tran@fp20analytics.com"
"MV-17485","Mark Van Huff","Mark","Van Huff","Low Value","a.van huff@fp20analytics.com"
"MV-18190","Mike Vittorini","Mike","Vittorini","Low Value","a.vittorini@fp20analytics.com"
"MW-18220","Mitch Webber","Mitch","Webber","Low Value","a.webber@fp20analytics.com"
"MY-17380","Maribeth Yedwab","Maribeth","Yedwab","Low Value","a.yedwab@fp20analytics.com"
"MY-18295","Muhammed Yedwab","Muhammed","Yedwab","Low Value","a.yedwab@fp20analytics.com"
"MZ-17335","Maria Zettner","Maria","Zettner","Low Value","a.zettner@fp20analytics.com"
"MZ-17515","Mary Zewe","Mary","Zewe","Low Value","a.zewe@fp20analytics.com"
"NB-18580","Nicole Brennan","Nicole","Brennan","Low Value","a.brennan@fp20analytics.com"
"NB-18655","Nona Balk","Nona","Balk","Low Value","a.balk@fp20analytics.com"
"NC-18340","Nat Carroll","Nat","Carroll","Low Value","a.carroll@fp20analytics.com"
"NC-18415","Nathan Cano","Nathan","Cano","Low Value","a.cano@fp20analytics.com"
"NC-18535","Nick Crebassa","Nick","Crebassa","Low Value","a.crebassa@fp20analytics.com"
"NC-18625","Noah Childs","Noah","Childs","Low Value","a.childs@fp20analytics.com"
"ND-18460","Neil Ducich","Neil","Ducich","Low Value","a.ducich@fp20analytics.com"
"NF-18385","Natalie Fritzler","Natalie","Fritzler","Low Value","a.fritzler@fp20analytics.com"
"NF-18475","Neil Französisch","Neil","Französisch","Low Value","a.französisch@fp20analytics.com"
"NF-18595","Nicole Fjeld","Nicole","Fjeld","Low Value","a.fjeld@fp20analytics.com"
"NG-18355","Nat Gilpin","Nat","Gilpin","Low Value","a.gilpin@fp20analytics.com"
"NG-18430","Nathan Gelder","Nathan","Gelder","Low Value","a.gelder@fp20analytics.com"
"NH-18610","Nicole Hansen","Nicole","Hansen","Low Value","a.hansen@fp20analytics.com"
"NK-18490","Neil Knudson","Neil","Knudson","Low Value","a.knudson@fp20analytics.com"
"NL-18310","Nancy Lomonaco","Nancy","Lomonaco","Low Value","a.lomonaco@fp20analytics.com"
"NM-18445","Nathan Mautz","Nathan","Mautz","Low Value","a.mautz@fp20analytics.com"
"NM-18520","Neoma Murray","Neoma","Murray","Low Value","a.murray@fp20analytics.com"
"NP-18325","Naresj Patel","Naresj","Patel","Low Value","a.patel@fp20analytics.com"
"NP-18670","Nora Paige","Nora","Paige","Low Value","a.paige@fp20analytics.com"
"NP-18685","Nora Pelletier","Nora","Pelletier","Low Value","a.pelletier@fp20analytics.com"
"NP-18700","Nora Preis","Nora","Preis","Low Value","a.preis@fp20analytics.com"
"NR-18550","Nick Radford","Nick","Radford","Low Value","a.radford@fp20analytics.com"
"NS-18505","Neola Schneider","Neola","Schneider","Low Value","a.schneider@fp20analytics.com"
"NS-18640","Noel Staavos","Noel","Staavos","Low Value","a.staavos@fp20analytics.com"
"NW-18400","Natalie Webber","Natalie","Webber","Low Value","a.webber@fp20analytics.com"
"NZ-18565","Nick Zandusky","Nick","Zandusky","Low Value","a.zandusky@fp20analytics.com"
"ON-18715","Odella Nelson","Odella","Nelson","Low Value","a.nelson@fp20analytics.com"
"PA-19060","Pete Armstrong","Pete","Armstrong","Low Value","a.armstrong@fp20analytics.com"
"PB-18805","Patrick Bzostek","Patrick","Bzostek","Low Value","a.bzostek@fp20analytics.com"
"PB-19105","Peter Bühler","Peter","Bühler","Low Value","a.bühler@fp20analytics.com"
"PB-19150","Philip Brown","Philip","Brown","Low Value","a.brown@fp20analytics.com"
"PB-19210","Phillip Breyer","Phillip","Breyer","Low Value","a.breyer@fp20analytics.com"
"PF-19120","Peter Fuller","Peter","Fuller","Low Value","a.fuller@fp20analytics.com"
"PF-19165","Philip Fox","Philip","Fox","Low Value","a.fox@fp20analytics.com"
"PF-19225","Phillip Flathmann","Phillip","Flathmann","Low Value","a.flathmann@fp20analytics.com"
"PG-18820","Patrick Gardner","Patrick","Gardner","Low Value","a.gardner@fp20analytics.com"
"PG-18895","Paul Gonzalez","Paul","Gonzalez","Low Value","a.gonzalez@fp20analytics.com"
"PH-18790","Patricia Hirasaki","Patricia","Hirasaki","Low Value","a.hirasaki@fp20analytics.com"
"PJ-18835","Patrick Jones","Patrick","Jones","Low Value","a.jones@fp20analytics.com"
"PJ-19015","Pauline Johnson","Pauline","Johnson","Low Value","a.johnson@fp20analytics.com"
"PK-18910","Paul Knutson","Paul","Knutson","Low Value","a.knutson@fp20analytics.com"
"PK-19075","Pete Kriz","Pete","Kriz","Low Value","a.kriz@fp20analytics.com"
"PL-18925","Paul Lucas","Paul","Lucas","Low Value","a.lucas@fp20analytics.com"
"PM-18940","Paul MacIntyre","Paul","MacIntyre","Low Value","a.macintyre@fp20analytics.com"
"PM-19135","Peter McVee","Peter","McVee","Low Value","a.mcvee@fp20analytics.com"
"PN-18775","Parhena Norris","Parhena","Norris","Low Value","a.norris@fp20analytics.com"
"PO-18850","Patrick O'Brill","Patrick","O'Brill","Low Value","a.o'brill@fp20analytics.com"
"PO-18865","Patrick O'Donnell","Patrick","O'Donnell","Low Value","a.o'donnell@fp20analytics.com"
"PO-19195","Phillina Ober","Phillina","Ober","Low Value","a.ober@fp20analytics.com"
"PP-18955","Paul Prost","Paul","Prost","Low Value","a.prost@fp20analytics.com"
"PR-18880","Patrick Ryan","Patrick","Ryan","Low Value","a.ryan@fp20analytics.com"
"PS-18760","Pamela Stobb","Pamela","Stobb","Low Value","a.stobb@fp20analytics.com"
"PS-18970","Paul Stevenson","Paul","Stevenson","Low Value","a.stevenson@fp20analytics.com"
"PS-19045","Penelope Sewall","Penelope","Sewall","Low Value","a.sewall@fp20analytics.com"
"PT-19090","Pete Takahito","Pete","Takahito","Low Value","a.takahito@fp20analytics.com"
"PV-18985","Paul Van Hugh","Paul","Van Hugh","Low Value","a.van hugh@fp20analytics.com"
"PW-19030","Pauline Webber","Pauline","Webber","Low Value","a.webber@fp20analytics.com"
"PW-19240","Pierre Wener","Pierre","Wener","Low Value","a.wener@fp20analytics.com"
"QJ-19255","Quincy Jones","Quincy","Jones","Low Value","a.jones@fp20analytics.com"
"RA-19285","Ralph Arnett","Ralph","Arnett","Low Value","a.arnett@fp20analytics.com"
"RA-19885","Ruben Ausman","Ruben","Ausman","Low Value","a.ausman@fp20analytics.com"
"RA-19915","Russell Applegate","Russell","Applegate","Low Value","a.applegate@fp20analytics.com"
"RA-19945","Ryan Akin","Ryan","Akin","Low Value","a.akin@fp20analytics.com"
"RB-19330","Randy Bradley","Randy","Bradley","Low Value","a.bradley@fp20analytics.com"
"RB-19360","Raymond Buch","Raymond","Buch","Low Value","a.buch@fp20analytics.com"
"RB-19435","Richard Bierner","Richard","Bierner","Low Value","a.bierner@fp20analytics.com"
"RB-19465","Rick Bensley","Rick","Bensley","Low Value","a.bensley@fp20analytics.com"
"RB-19570","Rob Beeghly","Rob","Beeghly","Low Value","a.beeghly@fp20analytics.com"
"RB-19645","Robert Barroso","Robert","Barroso","Low Value","a.barroso@fp20analytics.com"
"RB-19705","Roger Barcio","Roger","Barcio","Low Value","a.barcio@fp20analytics.com"
"RC-19825","Roy Collins","Roy","Collins","Low Value","a.collins@fp20analytics.com"
"RC-19960","Ryan Crowe","Ryan","Crowe","Low Value","a.crowe@fp20analytics.com"
"RD-19480","Rick Duston","Rick","Duston","Low Value","a.duston@fp20analytics.com"
"RD-19585","Rob Dowd","Rob","Dowd","Low Value","a.dowd@fp20analytics.com"
"RD-19660","Robert Dilbeck","Robert","Dilbeck","Low Value","a.dilbeck@fp20analytics.com"
"RD-19720","Roger Demir","Roger","Demir","Low Value","a.demir@fp20analytics.com"
"RD-19810","Ross DeVincentis","Ross","DeVincentis","Low Value","a.devincentis@fp20analytics.com"
"RD-19900","Ruben Dartt","Ruben","Dartt","Low Value","a.dartt@fp20analytics.com"
"RD-19930","Russell D'Ascenzo","Russell","D'Ascenzo","Low Value","a.d'ascenzo@fp20analytics.com"
"RE-19405","Ricardo Emerson","Ricardo","Emerson","Low Value","a.emerson@fp20analytics.com"
"RE-19450","Richard Eichhorn","Richard","Eichhorn","Low Value","a.eichhorn@fp20analytics.com"
"RF-19345","Randy Ferguson","Randy","Ferguson","Low Value","a.ferguson@fp20analytics.com"
"RF-19735","Roland Fjeld","Roland","Fjeld","Low Value","a.fjeld@fp20analytics.com"
"RF-19840","Roy Französisch","Roy","Französisch","Low Value","a.französisch@fp20analytics.com"
"RH-19555","Ritsa Hightower","Ritsa","Hightower","Low Value","a.hightower@fp20analytics.com"
"RH-19600","Rob Haberlin","Rob","Haberlin","Low Value","a.haberlin@fp20analytics.com"
"RK-19300","Ralph Kennedy","Ralph","Kennedy","Low Value","a.kennedy@fp20analytics.com"
"RL-19615","Rob Lucas","Rob","Lucas","Low Value","a.lucas@fp20analytics.com"
"RM-19375","Raymond Messe","Raymond","Messe","Low Value","a.messe@fp20analytics.com"
"RM-19675","Robert Marley","Robert","Marley","Low Value","a.marley@fp20analytics.com"
"RM-19750","Roland Murray","Roland","Murray","Low Value","a.murray@fp20analytics.com"
"RO-19780","Rose O'Brian","Rose","O'Brian","Low Value","a.o'brian@fp20analytics.com"
"RP-19270","Rachel Payne","Rachel","Payne","Low Value","a.payne@fp20analytics.com"
"RP-19390","Resi Pölking","Resi","Pölking","Low Value","a.pölking@fp20analytics.com"
"RP-19855","Roy Phan","Roy","Phan","Low Value","a.phan@fp20analytics.com"
"RR-19315","Ralph Ritter","Ralph","Ritter","Low Value","a.ritter@fp20analytics.com"
"RR-19525","Rick Reed","Rick","Reed","Low Value","a.reed@fp20analytics.com"
"RS-19420","Ricardo Sperren","Ricardo","Sperren","Low Value","a.sperren@fp20analytics.com"
"RS-19765","Roland Schwarz","Roland","Schwarz","Low Value","a.schwarz@fp20analytics.com"
"RS-19870","Roy Skaria","Roy","Skaria","Low Value","a.skaria@fp20analytics.com"
"RW-19540","Rick Wilson","Rick","Wilson","Low Value","a.wilson@fp20analytics.com"
"RW-19690","Robert Waldorf","Robert","Waldorf","Low Value","a.waldorf@fp20analytics.com"
"SA-20830","Sue Ann Reed","Sue","Ann Reed","Low Value","a.ann reed@fp20analytics.com"
"SB-20170","Sarah Bern","Sarah","Bern","Low Value","a.bern@fp20analytics.com"
"SB-20185","Sarah Brown","Sarah","Brown","Low Value","a.brown@fp20analytics.com"
"SB-20290","Sean Braxton","Sean","Braxton","Low Value","a.braxton@fp20analytics.com"
"SC-20020","Sam Craven","Sam","Craven","Low Value","a.craven@fp20analytics.com"
"SC-20050","Sample Company A","Sample","Company A","Low Value","a.company a@fp20analytics.com"
"SC-20095","Sanjit Chand","Sanjit","Chand","Low Value","a.chand@fp20analytics.com"
"SC-20230","Scot Coram","Scot","Coram","Low Value","a.coram@fp20analytics.com"
"SC-20305","Sean Christensen","Sean","Christensen","Low Value","a.christensen@fp20analytics.com"
"SC-20380","Shahid Collister","Shahid","Collister","Low Value","a.collister@fp20analytics.com"
"SC-20440","Shaun Chance","Shaun","Chance","Low Value","a.chance@fp20analytics.com"
"SC-20575","Sonia Cooley","Sonia","Cooley","Low Value","a.cooley@fp20analytics.com"
"SC-20680","Steve Carroll","Steve","Carroll","Low Value","a.carroll@fp20analytics.com"
"SC-20695","Steve Chapman","Steve","Chapman","Low Value","a.chapman@fp20analytics.com"
"SC-20725","Steven Cartwright","Steven","Cartwright","Low Value","a.cartwright@fp20analytics.com"
"SC-20770","Stewart Carmichael","Stewart","Carmichael","Low Value","a.carmichael@fp20analytics.com"
"SC-20800","Stuart Calhoun","Stuart","Calhoun","Low Value","a.calhoun@fp20analytics.com"
"SC-20845","Sung Chung","Sung","Chung","Low Value","a.chung@fp20analytics.com"
"SD-20485","Shirley Daniels","Shirley","Daniels","Low Value","a.daniels@fp20analytics.com"
"SE-20110","Sanjit Engle","Sanjit","Engle","Low Value","a.engle@fp20analytics.com"
"SF-20065","Sandra Flanagan","Sandra","Flanagan","Low Value","a.flanagan@fp20analytics.com"
"SF-20200","Sarah Foster","Sarah","Foster","Low Value","a.foster@fp20analytics.com"
"SF-20965","Sylvia Foulston","Sylvia","Foulston","Low Value","a.foulston@fp20analytics.com"
"SG-20080","Sandra Glassco","Sandra","Glassco","Low Value","a.glassco@fp20analytics.com"
"SG-20605","Speros Goranitis","Speros","Goranitis","Low Value","a.goranitis@fp20analytics.com"
"SG-20890","Susan Gilcrest","Susan","Gilcrest","Low Value","a.gilcrest@fp20analytics.com"
"SH-19975","Sally Hughsby","Sally","Hughsby","Low Value","a.hughsby@fp20analytics.com"
"SH-20395","Shahid Hopkins","Shahid","Hopkins","Low Value","a.hopkins@fp20analytics.com"
"SH-20635","Stefanie Holloman","Stefanie","Holloman","Low Value","a.holloman@fp20analytics.com"
"SJ-20125","Sanjit Jacobs","Sanjit","Jacobs","Low Value","a.jacobs@fp20analytics.com"
"SJ-20215","Sarah Jordon","Sarah","Jordon","Low Value","a.jordon@fp20analytics.com"
"SJ-20500","Shirley Jackson","Shirley","Jackson","Low Value","a.jackson@fp20analytics.com"
"SK-19990","Sally Knutson","Sally","Knutson","Low Value","a.knutson@fp20analytics.com"
"SM-20005","Sally Matthias","Sally","Matthias","Low Value","a.matthias@fp20analytics.com"
"SM-20320","Sean Miller","Sean","Miller","Low Value","a.miller@fp20analytics.com"
"SM-20905","Susan MacKendrick","Susan","MacKendrick","Low Value","a.mackendrick@fp20analytics.com"
"SM-20950","Suzanne McNair","Suzanne","McNair","Low Value","a.mcnair@fp20analytics.com"
"SN-20560","Skye Norling","Skye","Norling","Low Value","a.norling@fp20analytics.com"
"SN-20710","Steve Nguyen","Steve","Nguyen","Low Value","a.nguyen@fp20analytics.com"
"SO-20335","Sean O'Donnell","Sean","O'Donnell","Low Value","a.o'donnell@fp20analytics.com"
"SP-20545","Sibella Parks","Sibella","Parks","Low Value","a.parks@fp20analytics.com"
"SP-20620","Stefania Perrino","Stefania","Perrino","Low Value","a.perrino@fp20analytics.com"
"SP-20650","Stephanie Phelps","Stephanie","Phelps","Low Value","a.phelps@fp20analytics.com"
"SP-20860","Sung Pak","Sung","Pak","Low Value","a.pak@fp20analytics.com"
"SP-20920","Susan Pistek","Susan","Pistek","Low Value","a.pistek@fp20analytics.com"
"SR-20425","Sharelle Roach","Sharelle","Roach","Low Value","a.roach@fp20analytics.com"
"SR-20740","Steven Roelle","Steven","Roelle","Low Value","a.roelle@fp20analytics.com"
"SS-20140","Saphhira Shifley","Saphhira","Shifley","Low Value","a.shifley@fp20analytics.com"
"SS-20410","Shahid Shariari","Shahid","Shariari","Low Value","a.shariari@fp20analytics.com"
"SS-20515","Shirley Schmidt","Shirley","Schmidt","Low Value","a.schmidt@fp20analytics.com"
"SS-20590","Sonia Sunley","Sonia","Sunley","Low Value","a.sunley@fp20analytics.com"
"SS-20875","Sung Shariari","Sung","Shariari","Low Value","a.shariari@fp20analytics.com"
"ST-20530","Shui Tom","Shui","Tom","Low Value","a.tom@fp20analytics.com"
"SU-20665","Stephanie Ulpright","Stephanie","Ulpright","Low Value","a.ulpright@fp20analytics.com"
"SV-20365","Seth Vernon","Seth","Vernon","Low Value","a.vernon@fp20analytics.com"
"SV-20785","Stewart Visinsky","Stewart","Visinsky","Low Value","a.visinsky@fp20analytics.com"
"SV-20815","Stuart Van","Stuart","Van","Low Value","a.van@fp20analytics.com"
"SV-20935","Susan Vittorini","Susan","Vittorini","Low Value","a.vittorini@fp20analytics.com"
"SW-20245","Scot Wooten","Scot","Wooten","Low Value","a.wooten@fp20analytics.com"
"SW-20275","Scott Williamson","Scott","Williamson","Low Value","a.williamson@fp20analytics.com"
"SW-20350","Sean Wendt","Sean","Wendt","Low Value","a.wendt@fp20analytics.com"
"SW-20455","Shaun Weien","Shaun","Weien","Low Value","a.weien@fp20analytics.com"
"SW-20755","Steven Ward","Steven","Ward","Low Value","a.ward@fp20analytics.com"
"SZ-20035","Sam Zeldin","Sam","Zeldin","Low Value","a.zeldin@fp20analytics.com"
"TB-21055","Ted Butterfield","Ted","Butterfield","Low Value","a.butterfield@fp20analytics.com"
"TB-21175","Thomas Boland","Thomas","Boland","Low Value","a.boland@fp20analytics.com"
"TB-21190","Thomas Brumley","Thomas","Brumley","Low Value","a.brumley@fp20analytics.com"
"TB-21250","Tim Brockman","Tim","Brockman","Low Value","a.brockman@fp20analytics.com"
"TB-21280","Toby Braunhardt","Toby","Braunhardt","Low Value","a.braunhardt@fp20analytics.com"
"TB-21355","Todd Boyes","Todd","Boyes","Low Value","a.boyes@fp20analytics.com"
"TB-21400","Tom Boeckenhauer","Tom","Boeckenhauer","Low Value","a.boeckenhauer@fp20analytics.com"
"TB-21595","Troy Blackwell","Troy","Blackwell","Low Value","a.blackwell@fp20analytics.com"
"TB-21625","Trudy Brown","Trudy","Brown","Low Value","a.brown@fp20analytics.com"
"TC-20980","Tamara Chand","Tamara","Chand","Low Value","a.chand@fp20analytics.com"
"TC-21145","Theresa Coyne","Theresa","Coyne","Low Value","a.coyne@fp20analytics.com"
"TC-21295","Toby Carlisle","Toby","Carlisle","Low Value","a.carlisle@fp20analytics.com"
"TC-21475","Tony Chapman","Tony","Chapman","Low Value","a.chapman@fp20analytics.com"
"TC-21535","Tracy Collins","Tracy","Collins","Low Value","a.collins@fp20analytics.com"
"TD-20995","Tamara Dahlen","Tamara","Dahlen","Low Value","a.dahlen@fp20analytics.com"
"TG-21640","Trudy Glocke","Trudy","Glocke","Low Value","a.glocke@fp20analytics.com"
"TH-21100","Thea Hendricks","Thea","Hendricks","Low Value","a.hendricks@fp20analytics.com"
"TH-21115","Thea Hudgings","Thea","Hudgings","Low Value","a.hudgings@fp20analytics.com"
"TH-21235","Tiffany House","Tiffany","House","Low Value","a.house@fp20analytics.com"
"TH-21550","Tracy Hopkins","Tracy","Hopkins","Low Value","a.hopkins@fp20analytics.com"
"TM-21010","Tamara Manning","Tamara","Manning","Low Value","a.manning@fp20analytics.com"
"TM-21490","Tony Molinari","Tony","Molinari","Low Value","a.molinari@fp20analytics.com"
"TP-21130","Theone Pippenger","Theone","Pippenger","Low Value","a.pippenger@fp20analytics.com"
"TP-21415","Tom Prescott","Tom","Prescott","Low Value","a.prescott@fp20analytics.com"
"TP-21565","Tracy Poddar","Tracy","Poddar","Low Value","a.poddar@fp20analytics.com"
"TR-21325","Toby Ritter","Toby","Ritter","Low Value","a.ritter@fp20analytics.com"
"TS-21085","Thais Sissman","Thais","Sissman","Low Value","a.sissman@fp20analytics.com"
"TS-21160","Theresa Swint","Theresa","Swint","Low Value","a.swint@fp20analytics.com"
"TS-21205","Thomas Seio","Thomas","Seio","Low Value","a.seio@fp20analytics.com"
"TS-21340","Toby Swindell","Toby","Swindell","Low Value","a.swindell@fp20analytics.com"
"TS-21370","Todd Sumrall","Todd","Sumrall","Low Value","a.sumrall@fp20analytics.com"
"TS-21430","Tom Stivers","Tom","Stivers","Low Value","a.stivers@fp20analytics.com"
"TS-21505","Tony Sayre","Tony","Sayre","Low Value","a.sayre@fp20analytics.com"
"TS-21610","Troy Staebel","Troy","Staebel","Low Value","a.staebel@fp20analytics.com"
"TS-21655","Trudy Schmidt","Trudy","Schmidt","Low Value","a.schmidt@fp20analytics.com"
"TT-21070","Ted Trevino","Ted","Trevino","Low Value","a.trevino@fp20analytics.com"
"TT-21220","Thomas Thornton","Thomas","Thornton","Low Value","a.thornton@fp20analytics.com"
"TT-21265","Tim Taslimi","Tim","Taslimi","Low Value","a.taslimi@fp20analytics.com"
"TT-21460","Tonja Turnell","Tonja","Turnell","Low Value","a.turnell@fp20analytics.com"
"TW-21025","Tamara Willingham","Tamara","Willingham","Low Value","a.willingham@fp20analytics.com"
"TZ-21580","Tracy Zic","Tracy","Zic","Low Value","a.zic@fp20analytics.com"
"VB-21745","Victoria Brennan","Victoria","Brennan","Low Value","a.brennan@fp20analytics.com"
"VD-21670","Valerie Dominguez","Valerie","Dominguez","Low Value","a.dominguez@fp20analytics.com"
"VF-21715","Vicky Freymann","Vicky","Freymann","Low Value","a.freymann@fp20analytics.com"
"VG-21790","Vivek Gonzalez","Vivek","Gonzalez","Low Value","a.gonzalez@fp20analytics.com"
"VG-21805","Vivek Grady","Vivek","Grady","Low Value","a.grady@fp20analytics.com"
"VM-21685","Valerie Mitchum","Valerie","Mitchum","Low Value","a.mitchum@fp20analytics.com"
"VM-21835","Vivian Mathis","Vivian","Mathis","Low Value","a.mathis@fp20analytics.com"
"VP-21730","Victor Preis","Victor","Preis","Low Value","a.preis@fp20analytics.com"
"VP-21760","Victoria Pisteka","Victoria","Pisteka","Low Value","a.pisteka@fp20analytics.com"
"VS-21820","Vivek Sundaresam","Vivek","Sundaresam","Low Value","a.sundaresam@fp20analytics.com"
"VT-21700","Valerie Takahito","Valerie","Takahito","Low Value","a.takahito@fp20analytics.com"
"VW-21775","Victoria Wilson","Victoria","Wilson","Low Value","a.wilson@fp20analytics.com"
"WB-21850","William Brown","William","Brown","Low Value","a.brown@fp20analytics.com"
"XP-21865","Xylona Preis","Xylona","Preis","Low Value","a.preis@fp20analytics.com"
"YS-21880","Yana Sorensen","Yana","Sorensen","Low Value","a.sorensen@fp20analytics.com"
"ZC-21910","Zuschuss Carroll","Zuschuss","Carroll","Low Value","a.carroll@fp20analytics.com"
"ZD-21925","Zuschuss Donatelli","Zuschuss","Donatelli","Low Value","a.donatelli@fp20analytics.com"
"AC-10450","Amy Cox","Amy","Cox","Mid Value","a.cox@fp20analytics.com"
"AR-10405","Allen Rosenblatt","Allen","Rosenblatt","Mid Value","a.rosenblatt@fp20analytics.com"
"BD-11320","Bill Donatelli","Bill","Donatelli","Mid Value","a.donatelli@fp20analytics.com"
"BE-11335","Bill Eplett","Bill","Eplett","Mid Value","a.eplett@fp20analytics.com"
"BH-11710","Brosina Hoffman","Brosina","Hoffman","Mid Value","a.hoffman@fp20analytics.com"
"BS-11590","Brendan Sweed","Brendan","Sweed","Mid Value","a.sweed@fp20analytics.com"
"CB-12415","Christy Brittain","Christy","Brittain","Mid Value","a.brittain@fp20analytics.com"
"CM-12235","Chris McAfee","Chris","McAfee","Mid Value","a.mcafee@fp20analytics.com"
"DJ-13630","Doug Jacobs","Doug","Jacobs","Mid Value","a.jacobs@fp20analytics.com"
"DK-13225","Dean Katz","Dean","Katz","Mid Value","a.katz@fp20analytics.com"
"DW-13480","Dianna Wilson","Dianna","Wilson","Mid Value","a.wilson@fp20analytics.com"
"EB-13870","Emily Burns","Emily","Burns","Mid Value","a.burns@fp20analytics.com"
"FH-14365","Fred Hopkins","Fred","Hopkins","Mid Value","a.hopkins@fp20analytics.com"
"FM-14215","Filia McAdams","Filia","McAdams","Mid Value","a.mcadams@fp20analytics.com"
"FO-14305","Frank Olsen","Frank","Olsen","Mid Value","a.olsen@fp20analytics.com"
"GH-14485","Gene Hale","Gene","Hale","Mid Value","a.hale@fp20analytics.com"
"GM-14695","Greg Maxwell","Greg","Maxwell","Mid Value","a.maxwell@fp20analytics.com"
"HL-15040","Hunter Lopez","Hunter","Lopez","Mid Value","a.lopez@fp20analytics.com"
"JE-15745","Joel Eaton","Joel","Eaton","Mid Value","a.eaton@fp20analytics.com"
"JE-16165","Justin Ellison","Justin","Ellison","Mid Value","a.ellison@fp20analytics.com"
"JK-15730","Joe Kamberova","Joe","Kamberova","Mid Value","a.kamberova@fp20analytics.com"
"JK-16090","Juliana Krohn","Juliana","Krohn","Mid Value","a.krohn@fp20analytics.com"
"JM-15865","John Murray","John","Murray","High Value","a.murray@fp20analytics.com"
"JO-15280","Jas O'Carroll","Jas","O'Carroll","Mid Value","a.o'carroll@fp20analytics.com"
"JS-15880","John Stevenson","John","Stevenson","Mid Value","a.stevenson@fp20analytics.com"
"LC-16885","Lena Creighton","Lena","Creighton","Mid Value","a.creighton@fp20analytics.com"
"MK-17905","Michael Kennedy","Michael","Kennedy","Mid Value","a.kennedy@fp20analytics.com"
"MM-17920","Michael Moore","Michael","Moore","Mid Value","a.moore@fp20analytics.com"
"MW-18235","Mitch Willingham","Mitch","Willingham","High Value","a.willingham@fp20analytics.com"
"ND-18370","Natalie DeCherney","Natalie","DeCherney","Mid Value","a.decherney@fp20analytics.com"
"OT-18730","Olvera Toch","Olvera","Toch","Mid Value","a.toch@fp20analytics.com"
"PC-18745","Pamela Coakley","Pamela","Coakley","Mid Value","a.coakley@fp20analytics.com"
"PC-19000","Pauline Chand","Pauline","Chand","Mid Value","a.chand@fp20analytics.com"
"PO-19180","Philisse Overcash","Philisse","Overcash","Mid Value","a.overcash@fp20analytics.com"
"RB-19795","Ross Baird","Ross","Baird","Mid Value","a.baird@fp20analytics.com"
"RH-19495","Rick Hansen","Rick","Hansen","Mid Value","a.hansen@fp20analytics.com"
"RH-19510","Rick Huthwaite","Rick","Huthwaite","Mid Value","a.huthwaite@fp20analytics.com"
"RW-19630","Rob Williams","Rob","Williams","Mid Value","a.williams@fp20analytics.com"
"SC-20260","Scott Cohen","Scott","Cohen","Mid Value","a.cohen@fp20analytics.com"
"SG-20470","Sheri Gordon","Sheri","Gordon","Mid Value","a.gordon@fp20analytics.com"
"SL-20155","Sara Luxemburg","Sara","Luxemburg","Mid Value","a.luxemburg@fp20analytics.com"
"TA-21385","Tom Ashbrook","Tom","Ashbrook","High Value","a.ashbrook@fp20analytics.com"
"TB-21520","Tracy Blumstein","Tracy","Blumstein","High Value","a.blumstein@fp20analytics.com"
"TG-21310","Toby Gnade","Toby","Gnade","Mid Value","a.gnade@fp20analytics.com"
"TN-21040","Tanja Norvell","Tanja","Norvell","Mid Value","a.norvell@fp20analytics.com"
"YC-21895","Yoseph Carroll","Yoseph","Carroll","Mid Value","a.carroll@fp20analytics.com"
